time	plate	column	row	diamide	condition	control	condition_fluor	control_fluor	replicate	filepath
0	1	1	A	0	WT	WT	YFP	mCherry	1	raw_data/20180822/t0_Tube 01_8_22_2018.fcs
0	1	1	B	0.1	WT	WT	YFP	mCherry	1	raw_data/20180822/t0_Well 013_8_22_2018.fcs
0	1	1	C	0.2	WT	WT	YFP	mCherry	1	raw_data/20180822/t0_Well 025_8_22_2018.fcs
0	1	1	D	0.3	WT	WT	YFP	mCherry	1	raw_data/20180822/t0_Well 037_8_22_2018.fcs
0	1	2	A	0	WT	WT	YFP	mCherry	2	raw_data/20180822/t0_Well 007_8_22_2018.fcs
0	1	2	B	0.1	WT	WT	YFP	mCherry	2	raw_data/20180822/t0_Well 019_8_22_2018.fcs
0	1	2	C	0.2	WT	WT	YFP	mCherry	2	raw_data/20180822/t0_Well 031_8_22_2018.fcs
0	1	2	D	0.3	WT	WT	YFP	mCherry	2	raw_data/20180822/t0_Well 043_8_22_2018.fcs
0	1	3	A	0	WT	WT	YFP	mCherry	3	raw_data/20180822/t0_Well 002_8_22_2018.fcs
0	1	3	B	0.1	WT	WT	YFP	mCherry	3	raw_data/20180822/t0_Well 014_8_22_2018.fcs
0	1	3	C	0.2	WT	WT	YFP	mCherry	3	raw_data/20180822/t0_Well 026_8_22_2018.fcs
0	1	3	D	0.3	WT	WT	YFP	mCherry	3	raw_data/20180822/t0_Well 038_8_22_2018.fcs
0	1	4	A	0	mutant	mutant	YFP	mCherry	1	raw_data/20180822/t0_Well 008_8_22_2018.fcs
0	1	4	B	0.1	mutant	mutant	YFP	mCherry	1	raw_data/20180822/t0_Well 020_8_22_2018.fcs
0	1	4	C	0.2	mutant	mutant	YFP	mCherry	1	raw_data/20180822/t0_Well 032_8_22_2018.fcs
0	1	4	D	0.3	mutant	mutant	YFP	mCherry	1	raw_data/20180822/t0_Well 044_8_22_2018.fcs
0	1	5	A	0	mutant	mutant	YFP	mCherry	2	raw_data/20180822/t0_Well 003_8_22_2018.fcs
0	1	5	B	0.1	mutant	mutant	YFP	mCherry	2	raw_data/20180822/t0_Well 015_8_22_2018.fcs
0	1	5	C	0.2	mutant	mutant	YFP	mCherry	2	raw_data/20180822/t0_Well 027_8_22_2018.fcs
0	1	5	D	0.3	mutant	mutant	YFP	mCherry	2	raw_data/20180822/t0_Well 039_8_22_2018.fcs
0	1	6	A	0	mutant	mutant	YFP	mCherry	3	raw_data/20180822/t0_Well 009_8_22_2018.fcs
0	1	6	B	0.1	mutant	mutant	YFP	mCherry	3	raw_data/20180822/t0_Well 021_8_22_2018.fcs
0	1	6	C	0.2	mutant	mutant	YFP	mCherry	3	raw_data/20180822/t0_Well 033_8_22_2018.fcs
0	1	6	D	0.3	mutant	mutant	YFP	mCherry	3	raw_data/20180822/t0_Well 045_8_22_2018.fcs
0	1	7	A	0	mutant	WT	mCherry	YFP	1	raw_data/20180822/t0_Well 004_8_22_2018.fcs
0	1	7	B	0.1	mutant	WT	mCherry	YFP	1	raw_data/20180822/t0_Well 016_8_22_2018.fcs
0	1	7	C	0.2	mutant	WT	mCherry	YFP	1	raw_data/20180822/t0_Well 028_8_22_2018.fcs
0	1	7	D	0.3	mutant	WT	mCherry	YFP	1	raw_data/20180822/t0_Well 040_8_22_2018.fcs
0	1	8	A	0	mutant	WT	mCherry	YFP	2	raw_data/20180822/t0_Well 010_8_22_2018.fcs
0	1	8	B	0.1	mutant	WT	mCherry	YFP	2	raw_data/20180822/t0_Well 022_8_22_2018.fcs
0	1	8	C	0.2	mutant	WT	mCherry	YFP	2	raw_data/20180822/t0_Well 034_8_22_2018.fcs
0	1	8	D	0.3	mutant	WT	mCherry	YFP	2	raw_data/20180822/t0_Well 046_8_22_2018.fcs
0	1	9	A	0	mutant	WT	mCherry	YFP	3	raw_data/20180822/t0_Well 005_8_22_2018.fcs
0	1	9	B	0.1	mutant	WT	mCherry	YFP	3	raw_data/20180822/t0_Well 017_8_22_2018.fcs
0	1	9	C	0.2	mutant	WT	mCherry	YFP	3	raw_data/20180822/t0_Well 029_8_22_2018.fcs
0	1	9	D	0.3	mutant	WT	mCherry	YFP	3	raw_data/20180822/t0_Well 041_8_22_2018.fcs
0	1	10	A	0	mutant	WT	YFP	mCherry	1	raw_data/20180822/t0_Well 011_8_22_2018.fcs
0	1	10	B	0.1	mutant	WT	YFP	mCherry	1	raw_data/20180822/t0_Well 023_8_22_2018.fcs
0	1	10	C	0.2	mutant	WT	YFP	mCherry	1	raw_data/20180822/t0_Well 035_8_22_2018.fcs
0	1	10	D	0.3	mutant	WT	YFP	mCherry	1	raw_data/20180822/t0_Well 047_8_22_2018.fcs
0	1	11	A	0	mutant	WT	YFP	mCherry	2	raw_data/20180822/t0_Well 006_8_22_2018.fcs
0	1	11	B	0.1	mutant	WT	YFP	mCherry	2	raw_data/20180822/t0_Well 018_8_22_2018.fcs
0	1	11	C	0.2	mutant	WT	YFP	mCherry	2	raw_data/20180822/t0_Well 030_8_22_2018.fcs
0	1	11	D	0.3	mutant	WT	YFP	mCherry	2	raw_data/20180822/t0_Well 042_8_22_2018.fcs
0	1	12	A	0	mutant	WT	YFP	mCherry	3	raw_data/20180822/t0_Well 012_8_22_2018.fcs
0	1	12	B	0.1	mutant	WT	YFP	mCherry	3	raw_data/20180822/t0_Well 024_8_22_2018.fcs
0	1	12	C	0.2	mutant	WT	YFP	mCherry	3	raw_data/20180822/t0_Well 036_8_22_2018.fcs
0	1	12	D	0.3	mutant	WT	YFP	mCherry	3	raw_data/20180822/t0_Well 048_8_22_2018.fcs
1	1	1	A	0	WT	WT	YFP	mCherry	1	raw_data/20180823/t1_Tube 01_8_23_2018.fcs
1	1	1	B	0.1	WT	WT	YFP	mCherry	1	raw_data/20180823/t1_Well 013_8_23_2018.fcs
1	1	1	C	0.2	WT	WT	YFP	mCherry	1	raw_data/20180823/t1_Well 025_8_23_2018.fcs
1	1	1	D	0.3	WT	WT	YFP	mCherry	1	raw_data/20180823/t1_Well 037_8_23_2018.fcs
1	1	2	A	0	WT	WT	YFP	mCherry	2	raw_data/20180823/t1_Well 007_8_23_2018.fcs
1	1	2	B	0.1	WT	WT	YFP	mCherry	2	raw_data/20180823/t1_Well 019_8_23_2018.fcs
1	1	2	C	0.2	WT	WT	YFP	mCherry	2	raw_data/20180823/t1_Well 031_8_23_2018.fcs
1	1	2	D	0.3	WT	WT	YFP	mCherry	2	raw_data/20180823/t1_Well 043_8_23_2018.fcs
1	1	3	A	0	WT	WT	YFP	mCherry	3	raw_data/20180823/t1_Well 002_8_23_2018.fcs
1	1	3	B	0.1	WT	WT	YFP	mCherry	3	raw_data/20180823/t1_Well 014_8_23_2018.fcs
1	1	3	C	0.2	WT	WT	YFP	mCherry	3	raw_data/20180823/t1_Well 026_8_23_2018.fcs
1	1	3	D	0.3	WT	WT	YFP	mCherry	3	raw_data/20180823/t1_Well 038_8_23_2018.fcs
1	1	4	A	0	mutant	mutant	YFP	mCherry	1	raw_data/20180823/t1_Well 008_8_23_2018.fcs
1	1	4	B	0.1	mutant	mutant	YFP	mCherry	1	raw_data/20180823/t1_Well 020_8_23_2018.fcs
1	1	4	C	0.2	mutant	mutant	YFP	mCherry	1	raw_data/20180823/t1_Well 032_8_23_2018.fcs
1	1	4	D	0.3	mutant	mutant	YFP	mCherry	1	raw_data/20180823/t1_Well 044_8_23_2018.fcs
1	1	5	A	0	mutant	mutant	YFP	mCherry	2	raw_data/20180823/t1_Well 003_8_23_2018.fcs
1	1	5	B	0.1	mutant	mutant	YFP	mCherry	2	raw_data/20180823/t1_Well 015_8_23_2018.fcs
1	1	5	C	0.2	mutant	mutant	YFP	mCherry	2	raw_data/20180823/t1_Well 027_8_23_2018.fcs
1	1	5	D	0.3	mutant	mutant	YFP	mCherry	2	raw_data/20180823/t1_Well 039_8_23_2018.fcs
1	1	6	A	0	mutant	mutant	YFP	mCherry	3	raw_data/20180823/t1_Well 009_8_23_2018.fcs
1	1	6	B	0.1	mutant	mutant	YFP	mCherry	3	raw_data/20180823/t1_Well 021_8_23_2018.fcs
1	1	6	C	0.2	mutant	mutant	YFP	mCherry	3	raw_data/20180823/t1_Well 033_8_23_2018.fcs
1	1	6	D	0.3	mutant	mutant	YFP	mCherry	3	raw_data/20180823/t1_Well 045_8_23_2018.fcs
1	1	7	A	0	mutant	WT	mCherry	YFP	1	raw_data/20180823/t1_Well 004_8_23_2018.fcs
1	1	7	B	0.1	mutant	WT	mCherry	YFP	1	raw_data/20180823/t1_Well 016_8_23_2018.fcs
1	1	7	C	0.2	mutant	WT	mCherry	YFP	1	raw_data/20180823/t1_Well 028_8_23_2018.fcs
1	1	7	D	0.3	mutant	WT	mCherry	YFP	1	raw_data/20180823/t1_Well 040_8_23_2018.fcs
1	1	8	A	0	mutant	WT	mCherry	YFP	2	raw_data/20180823/t1_Well 010_8_23_2018.fcs
1	1	8	B	0.1	mutant	WT	mCherry	YFP	2	raw_data/20180823/t1_Well 022_8_23_2018.fcs
1	1	8	C	0.2	mutant	WT	mCherry	YFP	2	raw_data/20180823/t1_Well 034_8_23_2018.fcs
1	1	8	D	0.3	mutant	WT	mCherry	YFP	2	raw_data/20180823/t1_Well 046_8_23_2018.fcs
1	1	9	A	0	mutant	WT	mCherry	YFP	3	raw_data/20180823/t1_Well 005_8_23_2018.fcs
1	1	9	B	0.1	mutant	WT	mCherry	YFP	3	raw_data/20180823/t1_Well 017_8_23_2018.fcs
1	1	9	C	0.2	mutant	WT	mCherry	YFP	3	raw_data/20180823/t1_Well 029_8_23_2018.fcs
1	1	9	D	0.3	mutant	WT	mCherry	YFP	3	raw_data/20180823/t1_Well 041_8_23_2018.fcs
1	1	10	A	0	mutant	WT	YFP	mCherry	1	raw_data/20180823/t1_Well 011_8_23_2018.fcs
1	1	10	B	0.1	mutant	WT	YFP	mCherry	1	raw_data/20180823/t1_Well 023_8_23_2018.fcs
1	1	10	C	0.2	mutant	WT	YFP	mCherry	1	raw_data/20180823/t1_Well 035_8_23_2018.fcs
1	1	10	D	0.3	mutant	WT	YFP	mCherry	1	raw_data/20180823/t1_Well 047_8_23_2018.fcs
1	1	11	A	0	mutant	WT	YFP	mCherry	2	raw_data/20180823/t1_Well 006_8_23_2018.fcs
1	1	11	B	0.1	mutant	WT	YFP	mCherry	2	raw_data/20180823/t1_Well 018_8_23_2018.fcs
1	1	11	C	0.2	mutant	WT	YFP	mCherry	2	raw_data/20180823/t1_Well 030_8_23_2018.fcs
1	1	11	D	0.3	mutant	WT	YFP	mCherry	2	raw_data/20180823/t1_Well 042_8_23_2018.fcs
1	1	12	A	0	mutant	WT	YFP	mCherry	3	raw_data/20180823/t1_Well 012_8_23_2018.fcs
1	1	12	B	0.1	mutant	WT	YFP	mCherry	3	raw_data/20180823/t1_Well 024_8_23_2018.fcs
1	1	12	C	0.2	mutant	WT	YFP	mCherry	3	raw_data/20180823/t1_Well 036_8_23_2018.fcs
1	1	12	D	0.3	mutant	WT	YFP	mCherry	3	raw_data/20180823/t1_Well 048_8_23_2018.fcs
2	1	1	A	0	WT	WT	YFP	mCherry	1	raw_data/20180824/t2_Tube 01_8_24_2018.fcs
2	1	1	B	0.1	WT	WT	YFP	mCherry	1	raw_data/20180824/t2_Well 013_8_24_2018.fcs
2	1	1	C	0.2	WT	WT	YFP	mCherry	1	raw_data/20180824/t2_Well 025_8_24_2018.fcs
2	1	1	D	0.3	WT	WT	YFP	mCherry	1	raw_data/20180824/t2_Well 037_8_24_2018.fcs
2	1	2	A	0	WT	WT	YFP	mCherry	2	raw_data/20180824/t2_Well 007_8_24_2018.fcs
2	1	2	B	0.1	WT	WT	YFP	mCherry	2	raw_data/20180824/t2_Well 019_8_24_2018.fcs
2	1	2	C	0.2	WT	WT	YFP	mCherry	2	raw_data/20180824/t2_Well 031_8_24_2018.fcs
2	1	2	D	0.3	WT	WT	YFP	mCherry	2	raw_data/20180824/t2_Well 043_8_24_2018.fcs
2	1	3	A	0	WT	WT	YFP	mCherry	3	raw_data/20180824/t2_Well 002_8_24_2018.fcs
2	1	3	B	0.1	WT	WT	YFP	mCherry	3	raw_data/20180824/t2_Well 014_8_24_2018.fcs
2	1	3	C	0.2	WT	WT	YFP	mCherry	3	raw_data/20180824/t2_Well 026_8_24_2018.fcs
2	1	3	D	0.3	WT	WT	YFP	mCherry	3	raw_data/20180824/t2_Well 038_8_24_2018.fcs
2	1	4	A	0	mutant	mutant	YFP	mCherry	1	raw_data/20180824/t2_Well 008_8_24_2018.fcs
2	1	4	B	0.1	mutant	mutant	YFP	mCherry	1	raw_data/20180824/t2_Well 020_8_24_2018.fcs
2	1	4	C	0.2	mutant	mutant	YFP	mCherry	1	raw_data/20180824/t2_Well 032_8_24_2018.fcs
2	1	4	D	0.3	mutant	mutant	YFP	mCherry	1	raw_data/20180824/t2_Well 044_8_24_2018.fcs
2	1	5	A	0	mutant	mutant	YFP	mCherry	2	raw_data/20180824/t2_Well 003_8_24_2018.fcs
2	1	5	B	0.1	mutant	mutant	YFP	mCherry	2	raw_data/20180824/t2_Well 015_8_24_2018.fcs
2	1	5	C	0.2	mutant	mutant	YFP	mCherry	2	raw_data/20180824/t2_Well 027_8_24_2018.fcs
2	1	5	D	0.3	mutant	mutant	YFP	mCherry	2	raw_data/20180824/t2_Well 039_8_24_2018.fcs
2	1	6	A	0	mutant	mutant	YFP	mCherry	3	raw_data/20180824/t2_Well 009_8_24_2018.fcs
2	1	6	B	0.1	mutant	mutant	YFP	mCherry	3	raw_data/20180824/t2_Well 021_8_24_2018.fcs
2	1	6	C	0.2	mutant	mutant	YFP	mCherry	3	raw_data/20180824/t2_Well 033_8_24_2018.fcs
2	1	6	D	0.3	mutant	mutant	YFP	mCherry	3	raw_data/20180824/t2_Well 045_8_24_2018.fcs
2	1	7	A	0	mutant	WT	mCherry	YFP	1	raw_data/20180824/t2_Well 004_8_24_2018.fcs
2	1	7	B	0.1	mutant	WT	mCherry	YFP	1	raw_data/20180824/t2_Well 016_8_24_2018.fcs
2	1	7	C	0.2	mutant	WT	mCherry	YFP	1	raw_data/20180824/t2_Well 028_8_24_2018.fcs
2	1	7	D	0.3	mutant	WT	mCherry	YFP	1	raw_data/20180824/t2_Well 040_8_24_2018.fcs
2	1	8	A	0	mutant	WT	mCherry	YFP	2	raw_data/20180824/t2_Well 010_8_24_2018.fcs
2	1	8	B	0.1	mutant	WT	mCherry	YFP	2	raw_data/20180824/t2_Well 022_8_24_2018.fcs
2	1	8	C	0.2	mutant	WT	mCherry	YFP	2	raw_data/20180824/t2_Well 034_8_24_2018.fcs
2	1	8	D	0.3	mutant	WT	mCherry	YFP	2	raw_data/20180824/t2_Well 046_8_24_2018.fcs
2	1	9	A	0	mutant	WT	mCherry	YFP	3	raw_data/20180824/t2_Well 005_8_24_2018.fcs
2	1	9	B	0.1	mutant	WT	mCherry	YFP	3	raw_data/20180824/t2_Well 017_8_24_2018.fcs
2	1	9	C	0.2	mutant	WT	mCherry	YFP	3	raw_data/20180824/t2_Well 029_8_24_2018.fcs
2	1	9	D	0.3	mutant	WT	mCherry	YFP	3	raw_data/20180824/t2_Well 041_8_24_2018.fcs
2	1	10	A	0	mutant	WT	YFP	mCherry	1	raw_data/20180824/t2_Well 011_8_24_2018.fcs
2	1	10	B	0.1	mutant	WT	YFP	mCherry	1	raw_data/20180824/t2_Well 023_8_24_2018.fcs
2	1	10	C	0.2	mutant	WT	YFP	mCherry	1	raw_data/20180824/t2_Well 035_8_24_2018.fcs
2	1	10	D	0.3	mutant	WT	YFP	mCherry	1	raw_data/20180824/t2_Well 047_8_24_2018.fcs
2	1	11	A	0	mutant	WT	YFP	mCherry	2	raw_data/20180824/t2_Well 006_8_24_2018.fcs
2	1	11	B	0.1	mutant	WT	YFP	mCherry	2	raw_data/20180824/t2_Well 018_8_24_2018.fcs
2	1	11	C	0.2	mutant	WT	YFP	mCherry	2	raw_data/20180824/t2_Well 030_8_24_2018.fcs
2	1	11	D	0.3	mutant	WT	YFP	mCherry	2	raw_data/20180824/t2_Well 042_8_24_2018.fcs
2	1	12	A	0	mutant	WT	YFP	mCherry	3	raw_data/20180824/t2_Well 012_8_24_2018.fcs
2	1	12	B	0.1	mutant	WT	YFP	mCherry	3	raw_data/20180824/t2_Well 024_8_24_2018.fcs
2	1	12	C	0.2	mutant	WT	YFP	mCherry	3	raw_data/20180824/t2_Well 036_8_24_2018.fcs
2	1	12	D	0.3	mutant	WT	YFP	mCherry	3	raw_data/20180824/t2_Well 048_8_24_2018.fcs
